2021-07-05-13-55-42, 27, 2547, 98
2021-07-05-13-55-45, 128, 312, 19
2021-07-05-13-55-48, 92, 1644, 40
2021-07-05-13-55-51, 76, 909, 79
2021-07-05-13-55-54, 4, 2223, 27
2021-07-05-13-55-57, 113, 1968, 71
2021-07-05-13-56-00, 112, 2482, 97
2021-07-05-13-56-03, 182, 156, 69
2021-07-05-13-56-06, 42, 2322, 92
2021-07-05-13-56-10, 133, 2186, 66
2021-07-05-13-56-13, 147, 2049, 3
2021-07-05-13-56-16, 159, 2967, 89
2021-07-05-13-56-19, 188, 2102, 70
2021-07-05-13-56-22, 149, 2574, 36
2021-07-05-13-56-25, 183, 1675, 96
2021-07-06-01-03-25, 180, 1036, 11
2021-07-06-01-03-28, 174, 331, 22
2021-07-06-01-03-31, 6, 2080, 40
2021-07-06-01-03-34, 25, 1430, 81
2021-07-06-01-03-37, 128, 711, 44
2021-07-06-01-03-40, 77, 2980, 75
2021-07-06-01-03-43, 165, 576, 36
2021-07-06-01-03-46, 84, 132, 16
2021-07-06-01-03-49, 148, 311, 60
2021-07-06-01-03-52, 195, 2881, 0
2021-07-06-01-03-55, 32, 2379, 3
2021-07-06-01-03-58, 25, 549, 85
2021-07-06-01-04-01, 104, 286, 70
2021-07-06-01-04-04, 47, 241, 100
2021-07-06-01-04-07, 172, 2365, 76
2021-07-06-01-04-10, 197, 2951, 40
2021-07-06-01-04-13, 88, 1866, 69
2021-07-06-01-04-16, 39, 1709, 55
2021-07-06-01-04-19, 127, 1836, 15
2021-07-06-01-04-22, 169, 2129, 77
2021-07-06-01-04-25, 24, 123, 74
2021-07-06-01-04-28, 200, 1816, 49
2021-07-06-01-04-31, 11, 2238, 54
2021-07-06-01-04-34, 63, 1891, 59
2021-07-06-01-04-37, 106, 2052, 86
2021-07-06-01-04-40, 44, 1625, 61
2021-07-06-01-04-43, 47, 2462, 55
2021-07-06-01-04-46, 106, 2607, 43
2021-07-06-01-04-49, 20, 2071, 14
2021-07-06-01-04-52, 164, 1548, 14
2021-07-06-01-04-55, 91, 1687, 40
2021-07-06-01-04-58, 18, 997, 43
2021-07-06-01-05-02, 163, 2075, 52
2021-07-06-01-05-05, 18, 1105, 97
2021-07-06-01-10-01, 161, 450, 30
2021-07-06-01-23-24, 136, 1263, 64
2021-07-06-01-23-55, 35, 1948, 29
2021-07-06-01-25-11, 121, 108, 89
2021-07-06-01-25-20, 77, 395, 17
2021-07-06-01-25-49, 55, 436, 87
2021-07-06-01-39-21, 76, 383, 40
2021-07-06-01-41-59, 60, 2963, 13
2021-07-06-01-42-12, 22, 506, 13
2021-07-06-01-42-22, 196, 1577, 27
2021-07-06-01-42-44, 102, 2832, 82
2021-07-06-02-41-44, 103, 403, 54
2021-07-06-02-41-47, 149, 2910, 100
2021-07-06-02-41-50, 144, 591, 96
2021-07-06-02-41-53, 161, 2944, 24
2021-07-06-02-41-56, 138, 1964, 46
2021-07-06-02-41-59, 157, 2703, 72
2021-07-06-02-42-02, 112, 842, 67
2021-07-06-02-42-05, 47, 1495, 73
2021-07-06-02-42-08, 111, 928, 70
2021-07-06-02-42-11, 84, 1530, 34
2021-07-06-02-42-14, 170, 521, 76
2021-07-06-02-42-17, 26, 1686, 28
2021-07-06-02-45-55, 메세지: 117, 336, 16
2021-07-06-02-45-58, 메세지: 65, 2858, 62
2021-07-06-02-46-01, 메세지: 97, 55, 14
2021-07-06-02-46-04, 메세지: 85, 2438, 80
2021-07-06-02-46-07, 메세지: 158, 1128, 7
2021-07-06-02-46-11, 메세지: 32, 1888, 65
2021-07-06-02-46-14, 메세지: 44, 839, 50
2021-07-06-02-46-17, 메세지: 144, 2205, 33
2021-07-06-02-46-20, 메세지: 18, 254, 69
2021-07-06-02-46-23, 메세지: 169, 503, 37
2021-07-06-02-58-57, 메세지: 130, 2522, 38
2021-07-06-02-59-00, 메세지: 192, 1917, 27
2021-07-06-02-59-03, 메세지: 27, 1375, 38
2021-07-06-03-04-45, 메세지: 6, 2156, 43
2021-07-06-03-04-48, 메세지: 6, 2988, 69
2021-07-06-03-04-51, 메세지: 65, 404, 13
2021-07-06-03-04-54, 메세지: 10, 148, 28
2021-07-06-03-04-57, 메세지: 51, 1795, 98
2021-07-06-03-17-18, 메세지: Error log!!!
2021-07-06-03-17-22, 메세지: Error log!!!
2021-07-06-03-17-25, 메세지: Error log!!!
2021-07-06-03-17-28, 메세지: Error log!!!
2021-07-06-03-17-31, 메세지: Error log!!!
2021-07-06-03-36-30, 메세지: 20, 1439, 79
2021-07-06-03-36-30, 메세지: Error log!!!
2021-07-06-03-36-33, 메세지: 86, 2092, 95
2021-07-06-03-36-33, 메세지: Error log!!!
2021-07-06-03-36-36, 메세지: 26, 789, 99
2021-07-06-03-36-36, 메세지: Error log!!!
2021-07-06-03-36-39, 메세지: 114, 2169, 87
2021-07-06-03-36-39, 메세지: Error log!!!
2021-07-06-03-36-42, 메세지: 176, 190, 16
2021-07-06-03-36-42, 메세지: Error log!!!
2021-07-06-03-36-45, 메세지: 97, 211, 92
2021-07-06-03-36-45, 메세지: Error log!!!
2021-07-06-03-36-48, 메세지: 85, 2348, 1
2021-07-06-03-36-48, 메세지: Error log!!!
2021-07-06-03-36-51, 메세지: 10, 511, 79
2021-07-06-03-36-51, 메세지: Error log!!!
